Elite College (+3)  (~3 strokes vs PGA Tour),,,,,,
,,,,,,
Distance,Tee,Fairway,Rough,Sand,Recovery,Putt
0,0.00,0.00,0.00,0.00,0.00,1.00
1,2.00,2.00,2.07,2.46,2.81,1.00
2,2.00,2.00,2.08,2.46,2.81,1.03
3,2.00,2.00,2.09,2.46,2.81,1.04
4,2.01,2.01,2.10,2.46,2.81,1.16
5,2.01,2.01,2.11,2.46,2.81,1.34
6,2.01,2.01,2.12,2.46,2.81,1.47
7,2.01,2.01,2.13,2.46,2.82,1.58
8,2.01,2.01,2.15,2.46,2.82,1.66
9,2.01,2.01,2.16,2.46,2.83,1.69
10,2.03,2.03,2.17,2.46,2.83,1.76
11,2.03,2.03,2.19,2.46,2.87,1.77
12,2.03,2.03,2.20,2.46,2.87,1.79
13,2.04,2.04,2.22,2.49,2.88,1.78
14,2.04,2.04,2.22,2.48,2.88,1.80
15,2.04,2.04,2.24,2.48,2.95,1.81
16,2.05,2.05,2.24,2.48,2.96,1.83
17,2.05,2.05,2.25,2.47,2.96,1.84
18,2.05,2.05,2.26,2.55,2.96,1.85
19,2.05,2.05,2.27,2.54,3.12,1.86
20,2.05,2.05,2.27,2.54,3.12,1.87
21,2.05,2.05,2.30,2.54,3.13,1.88
22,2.06,2.06,2.31,2.53,3.12,1.88
23,2.08,2.08,2.32,2.70,3.23,1.89
24,2.09,2.09,2.33,2.69,3.24,1.89
25,2.09,2.09,2.39,2.69,3.24,1.90
26,2.09,2.09,2.39,2.70,3.24,1.90
27,2.09,2.09,2.40,2.69,3.34,1.91
28,2.14,2.14,2.40,2.81,3.34,1.91
29,2.15,2.15,2.55,2.80,3.34,1.91
30,2.15,2.15,2.55,2.80,3.42,1.92
31,2.15,2.15,2.55,2.81,3.41,1.92
32,2.15,2.15,2.55,2.81,3.41,1.93
33,2.16,2.16,2.56,2.92,3.41,1.93
34,2.16,2.16,2.56,2.92,3.47,1.93
35,2.17,2.17,2.57,2.93,3.47,1.93
36,2.32,2.32,2.69,2.94,3.47,1.94
37,2.32,2.32,2.69,2.95,3.48,1.94
38,2.32,2.32,2.69,3.02,3.52,1.94
39,2.32,2.32,2.69,3.04,3.51,1.94
40,2.32,2.32,2.70,3.04,3.51,1.94
41,2.33,2.33,2.71,3.05,3.52,1.95
42,2.33,2.33,2.80,3.05,3.54,1.95
43,2.46,2.46,2.80,3.12,3.54,1.95
44,2.46,2.46,2.80,3.12,3.54,1.95
45,2.46,2.46,2.80,3.13,3.55,1.95
46,2.46,2.46,2.88,3.14,3.57,1.96
47,2.47,2.47,2.89,3.15,3.56,1.96
48,2.57,2.57,2.89,3.20,3.56,1.96
49,2.57,2.57,2.89,3.21,3.56,1.96
50,2.57,2.57,2.94,3.22,3.58,1.96
51,2.57,2.57,2.95,3.22,3.59,1.96
52,2.58,2.58,2.95,3.25,3.59,1.96
53,2.65,2.65,2.95,3.25,3.60,1.96
54,2.65,2.65,3.01,3.26,3.60,1.96
55,2.66,2.66,3.01,3.28,3.61,1.96
56,2.66,2.66,3.01,3.29,3.62,1.97
57,2.67,2.67,3.01,3.30,3.62,1.97
58,2.73,2.73,3.03,3.31,3.63,1.97
59,2.73,2.73,3.03,3.33,3.63,1.97
60,2.73,2.73,3.05,3.34,3.63,1.97
61,2.73,2.73,3.05,3.35,3.65,1.97
62,2.73,2.73,3.08,3.35,3.65,1.97
63,2.78,2.78,3.08,3.38,3.64,1.97
64,2.78,2.78,3.08,3.39,3.65,1.97
65,2.78,2.78,3.08,3.40,3.66,1.97
66,2.78,2.78,3.11,3.40,3.66,1.97
67,2.79,2.79,3.12,3.41,3.66,1.97
68,2.81,2.81,3.12,3.42,3.66,1.97
69,2.82,2.82,3.12,3.44,3.67,1.98
70,2.82,2.82,3.14,3.44,3.67,1.98
71,2.82,2.82,3.14,3.45,3.67,1.98
72,2.82,2.82,3.16,3.45,3.69,1.98
73,2.85,2.85,3.16,3.48,3.68,1.98
74,2.85,2.85,3.18,3.48,3.68,1.98
75,2.86,2.86,3.18,3.50,3.69,1.98
76,2.86,2.86,3.18,3.50,3.70,1.98
77,2.86,2.86,3.19,3.51,3.71,1.98
78,2.89,2.89,3.21,3.51,3.71,1.98
79,2.89,2.89,3.22,3.51,3.71,1.98
80,2.90,2.90,3.23,3.52,3.72,1.98
81,2.91,2.91,3.24,3.53,3.73,1.98
82,2.93,2.93,3.25,3.53,3.74,1.98
83,2.93,2.93,3.25,3.54,3.74,1.98
84,2.94,2.94,3.26,3.54,3.75,1.98
85,2.94,2.94,3.28,3.54,3.75,1.98
86,2.96,2.96,3.28,3.56,3.77,1.98
87,2.97,2.97,3.29,3.55,3.78,1.98
88,2.98,2.98,3.31,3.56,3.77,1.98
89,2.99,2.99,3.31,3.56,3.78,1.98
90,3.01,3.01,3.32,3.57,3.79,1.98
91,3.01,3.01,3.34,3.58,3.80,1.98
92,3.01,3.01,3.34,3.57,3.81,1.98
93,3.02,3.02,3.35,3.58,3.81,1.98
94,3.03,3.03,3.36,3.58,3.82,1.98
95,3.03,3.03,3.36,3.58,3.82,1.99
96,3.05,3.05,3.37,3.60,3.83,1.99
97,3.05,3.05,3.38,3.59,3.84,1.99
98,3.06,3.06,3.39,3.60,3.84,1.99
99,3.07,3.07,3.39,3.59,3.85,1.99
100,3.20,3.07,3.40,3.60,3.86,1.99
101,3.20,3.07,3.41,3.60,3.86,1.99
102,3.21,3.08,3.41,3.60,3.86,1.99
103,3.23,3.09,3.42,3.60,3.86,1.99
104,3.24,3.10,3.42,3.61,3.86,1.99
105,3.25,3.11,3.43,3.60,3.87,1.99
106,3.24,3.11,3.43,3.60,3.87,1.99
107,3.24,3.11,3.44,3.60,3.87,1.99
108,3.26,3.12,3.45,3.60,3.88,1.99
109,3.26,3.12,3.45,3.60,3.87,1.99
110,3.26,3.12,3.45,3.60,3.87,1.99
111,3.28,3.13,3.46,3.59,3.88,1.99
112,3.28,3.13,3.46,3.60,3.88,1.99
113,3.29,3.14,3.47,3.60,3.88,1.99
114,3.28,3.14,3.47,3.61,3.88,1.99
115,3.28,3.14,3.48,3.60,3.88,1.99
116,3.30,3.15,3.48,3.60,3.88,1.99
117,3.30,3.15,3.48,3.60,3.88,1.99
118,3.29,3.15,3.50,3.59,3.88,1.99
119,3.31,3.15,3.50,3.60,3.89,1.99
120,3.32,3.16,3.50,3.60,3.89,1.99
121,3.32,3.17,3.51,3.59,3.89,
122,3.32,3.18,3.51,3.60,3.90,
123,3.33,3.19,3.53,3.61,3.91,
124,3.33,3.19,3.54,3.61,3.92,
125,3.33,3.20,3.55,3.62,3.93,
126,3.32,3.20,3.56,3.62,3.93,
127,3.32,3.20,3.56,3.62,3.93,
128,3.34,3.21,3.58,3.62,3.93,
129,3.34,3.23,3.58,3.62,3.94,
130,3.34,3.23,3.58,3.62,3.94,
131,3.34,3.23,3.59,3.62,3.94,
132,3.33,3.23,3.59,3.62,3.95,
133,3.34,3.24,3.60,3.62,3.94,
134,3.34,3.24,3.60,3.62,3.95,
135,3.34,3.26,3.60,3.63,3.95,
136,3.33,3.26,3.61,3.62,3.95,
137,3.34,3.26,3.61,3.62,3.96,
138,3.34,3.26,3.62,3.62,3.96,
139,3.33,3.26,3.63,3.63,3.95,
140,3.33,3.26,3.63,3.62,3.96,
141,3.34,3.28,3.63,3.62,3.96,
142,3.33,3.28,3.64,3.63,3.97,
143,3.34,3.29,3.66,3.62,3.97,
144,3.35,3.29,3.66,3.63,3.98,
145,3.35,3.29,3.67,3.63,3.97,
146,3.36,3.30,3.67,3.62,3.98,
147,3.36,3.31,3.68,3.63,3.98,
148,3.36,3.32,3.69,3.63,3.99,
149,3.36,3.32,3.70,3.63,4.00,
150,3.36,3.33,3.70,3.64,3.99,
151,3.36,3.33,3.70,3.64,4.00,
152,3.38,3.34,3.71,3.64,4.00,
153,3.37,3.34,3.71,3.65,4.01,
154,3.37,3.35,3.73,3.64,4.01,
155,3.39,3.36,3.74,3.65,4.02,
156,3.38,3.36,3.74,3.65,4.01,
157,3.38,3.36,3.74,3.65,4.02,
158,3.39,3.37,3.75,3.66,4.02,
159,3.40,3.38,3.75,3.66,4.03,
160,3.40,3.39,3.77,3.66,4.03,
161,3.39,3.39,3.77,3.66,4.03,
162,3.41,3.40,3.77,3.66,4.03,
163,3.40,3.40,3.78,3.67,4.03,
164,3.40,3.40,3.78,3.67,4.04,
165,3.41,3.41,3.79,3.67,4.04,
166,3.42,3.42,3.80,3.67,4.04,
167,3.41,3.42,3.80,3.67,4.05,
168,3.42,3.43,3.81,3.68,4.04,
169,3.42,3.43,3.81,3.68,4.05,
170,3.43,3.44,3.82,3.68,4.05,
171,3.42,3.44,3.83,3.69,4.06,
172,3.46,3.47,3.85,3.69,4.06,
173,3.45,3.47,3.85,3.69,4.07,
174,3.46,3.48,3.86,3.70,4.07,
175,3.47,3.49,3.87,3.70,4.08,
176,3.47,3.49,3.88,3.71,4.08,
177,3.47,3.50,3.88,3.71,4.09,
178,3.47,3.50,3.89,3.72,4.09,
179,3.49,3.52,3.90,3.71,4.10,
180,3.49,3.52,3.90,3.72,4.09,
181,3.48,3.52,3.91,3.72,4.10,
182,3.50,3.53,3.92,3.73,4.10,
183,3.50,3.54,3.92,3.73,4.11,
184,3.50,3.54,3.93,3.73,4.11,
185,3.52,3.56,3.94,3.73,4.12,
186,3.52,3.56,3.95,3.73,4.11,
187,3.52,3.57,3.96,3.74,4.12,
188,3.53,3.57,3.96,3.74,4.12,
189,3.53,3.58,3.97,3.74,4.13,
190,3.53,3.58,3.97,3.75,4.13,
191,3.55,3.60,3.99,3.74,4.14,
192,3.54,3.60,4.00,3.75,4.13,
193,3.55,3.60,4.00,3.75,4.14,
194,3.55,3.61,4.01,3.76,4.15,
195,3.55,3.61,4.01,3.76,4.15,
196,3.56,3.62,4.02,3.77,4.16,
197,3.57,3.63,4.03,3.76,4.16,
198,3.57,3.64,4.04,3.77,4.16,
199,3.59,3.65,4.05,3.77,4.17,
200,3.58,3.65,4.05,3.78,4.17,
201,3.58,3.66,4.06,3.78,4.18,
202,3.59,3.66,4.06,3.79,4.18,
203,3.59,3.67,4.07,3.79,4.19,
204,3.59,3.68,4.07,3.80,4.19,
205,3.59,3.68,4.08,3.79,4.19,
206,3.60,3.69,4.08,3.79,4.19,
207,3.59,3.69,4.10,3.80,4.20,
208,3.60,3.70,4.10,3.80,4.20,
209,3.59,3.70,4.11,3.81,4.21,
210,3.61,3.72,4.11,3.81,4.21,
211,3.61,3.72,4.12,3.82,4.21,
212,3.60,3.72,4.12,3.82,4.22,
213,3.61,3.73,4.12,3.81,4.21,
214,3.61,3.73,4.13,3.82,4.22,
215,3.61,3.74,4.13,3.82,4.22,
216,3.62,3.75,4.14,3.82,4.23,
217,3.61,3.75,4.14,3.83,4.23,
218,3.62,3.76,4.15,3.83,4.23,
219,3.62,3.76,4.16,3.83,4.24,
220,3.61,3.76,4.16,3.84,4.24,
221,3.61,3.77,4.17,3.83,4.24,
222,3.64,3.79,4.18,3.84,4.25,
223,3.63,3.79,4.18,3.85,4.26,
224,3.64,3.80,4.19,3.86,4.27,
225,3.64,3.80,4.20,3.86,4.28,
226,3.64,3.81,4.20,3.87,4.28,
227,3.65,3.82,4.21,3.87,4.29,
228,3.65,3.82,4.21,3.88,4.29,
229,3.67,3.84,4.22,3.88,4.30,
230,3.66,3.84,4.22,3.88,4.29,
231,3.66,3.84,4.23,3.88,4.29,
232,3.67,3.85,4.24,3.88,4.30,
233,3.67,3.85,4.25,3.89,4.30,
234,3.68,3.86,4.25,3.89,4.31,
235,3.68,3.87,4.26,3.89,4.31,
236,3.68,3.87,4.26,3.90,4.31,
237,3.69,3.88,4.27,3.90,4.31,
238,3.68,3.88,4.27,3.89,4.31,
239,3.69,3.88,4.28,3.90,4.31,
240,3.69,3.89,4.28,3.90,4.31,
241,3.70,3.90,4.29,3.91,4.31,
242,3.72,3.91,4.29,3.91,4.32,
243,3.73,3.92,4.30,3.92,4.32,
244,3.73,3.92,4.32,3.92,4.32,
245,3.75,3.93,4.32,3.93,4.32,
246,3.75,3.93,4.33,3.92,4.32,
247,3.77,3.95,4.33,3.93,4.32,
248,3.78,3.95,4.34,3.93,4.32,
249,3.79,3.96,4.35,3.94,4.33,
250,3.80,3.97,4.35,3.94,4.33,
251,3.81,3.97,4.36,3.95,4.33,
252,3.81,3.97,4.36,3.95,4.33,
253,3.83,3.98,4.36,3.95,4.33,
254,3.83,3.98,4.37,3.96,4.34,
255,3.84,3.99,4.37,3.96,4.33,
256,3.86,4.00,4.37,3.96,4.33,
257,3.86,4.00,4.38,3.96,4.33,
258,3.86,4.00,4.38,3.97,4.33,
259,3.88,4.01,4.38,3.96,4.34,
260,3.88,4.01,4.39,3.96,4.34,
261,3.88,4.01,4.39,3.97,4.34,
262,3.90,4.02,4.39,3.97,4.34,
263,3.91,4.03,4.40,3.97,4.33,
264,3.92,4.03,4.40,3.98,4.33,
265,3.93,4.04,4.40,3.98,4.34,
266,3.94,4.04,4.41,3.98,4.34,
267,3.94,4.04,4.41,3.99,4.34,
268,3.96,4.05,4.41,3.99,4.34,
269,3.96,4.05,4.41,3.99,4.34,
270,3.96,4.05,4.42,4.00,4.35,
271,3.99,4.07,4.42,4.00,4.34,
272,3.99,4.07,4.42,4.00,4.34,
273,4.00,4.07,4.42,4.01,4.34,
274,4.01,4.08,4.42,4.01,4.34,
275,4.02,4.08,4.43,4.00,4.34,
276,4.02,4.08,4.43,4.01,4.35,
277,4.04,4.09,4.43,4.01,4.35,
278,4.04,4.09,4.43,4.01,4.35,
279,4.05,4.09,4.43,4.02,4.35,
280,4.06,4.10,4.43,4.02,4.34,
281,4.06,4.10,4.44,4.02,4.34,
282,4.06,4.10,4.44,4.02,4.35,
283,4.07,4.11,4.44,4.03,4.35,
284,4.06,4.11,4.44,4.03,4.35,
285,4.08,4.12,4.44,4.03,4.35,
286,4.07,4.12,4.45,4.04,4.35,
287,4.07,4.12,4.45,4.04,4.36,
288,4.08,4.14,4.45,4.04,4.35,
289,4.09,4.14,4.45,4.05,4.35,
290,4.08,4.14,4.45,4.05,4.35,
291,4.09,4.15,4.45,4.05,4.35,
292,4.10,4.15,4.46,4.05,4.35,
293,4.09,4.15,4.46,4.05,4.36,
294,4.09,4.15,4.46,4.05,4.36,
295,4.10,4.16,4.46,4.06,4.36,
296,4.10,4.16,4.46,4.06,4.35,
297,4.09,4.16,4.46,4.06,4.35,
298,4.10,4.17,4.47,4.06,4.36,
299,4.10,4.17,4.47,4.07,4.36,
300,4.10,4.17,4.47,4.07,4.36,
301,4.10,4.17,4.47,4.05,4.34,
302,4.11,4.18,4.48,4.06,4.35,
303,4.11,4.18,4.48,4.06,4.35,
304,4.12,4.18,4.48,4.07,4.36,
305,4.12,4.19,4.49,4.07,4.36,
306,4.12,4.19,4.49,4.07,4.36,
307,4.14,4.20,4.50,4.08,4.37,
308,4.14,4.20,4.50,4.08,4.37,
309,4.14,4.20,4.50,4.09,4.38,
310,4.15,4.21,4.51,4.09,4.38,
311,4.15,4.21,4.51,4.09,4.38,
312,4.15,4.21,4.51,4.10,4.39,
313,4.16,4.22,4.52,4.10,4.39,
314,4.17,4.22,4.52,4.11,4.40,
315,4.16,4.22,4.52,4.11,4.40,
316,4.17,4.23,4.53,4.11,4.40,
317,4.18,4.23,4.53,4.12,4.41,
318,4.18,4.23,4.53,4.12,4.41,
319,4.19,4.24,4.54,4.13,4.42,
320,4.19,4.24,4.54,4.13,4.42,
321,4.20,4.25,4.55,4.13,4.42,
322,4.21,4.25,4.55,4.14,4.43,
323,4.20,4.25,4.55,4.14,4.43,
324,4.21,4.26,4.56,4.15,4.44,
325,4.22,4.26,4.56,4.15,4.44,
326,4.22,4.26,4.56,4.15,4.44,
327,4.22,4.26,4.56,4.15,4.44,
328,4.23,4.27,4.57,4.16,4.45,
329,4.23,4.27,4.57,4.16,4.45,
330,4.24,4.27,4.57,4.16,4.45,
331,4.24,4.27,4.57,4.16,4.45,
332,4.25,4.28,4.58,4.17,4.46,
333,4.25,4.28,4.58,4.17,4.46,
334,4.25,4.28,4.58,4.17,4.46,
335,4.25,4.28,4.58,4.17,4.46,
336,4.27,4.29,4.59,4.18,4.47,
337,4.27,4.29,4.59,4.18,4.47,
338,4.26,4.29,4.59,4.18,4.47,
339,4.27,4.29,4.59,4.18,4.47,
340,4.28,4.30,4.60,4.19,4.48,
341,4.28,4.30,4.60,4.19,4.48,
342,4.28,4.30,4.60,4.19,4.48,
343,4.28,4.30,4.60,4.19,4.48,
344,4.29,4.31,4.61,4.20,4.49,
345,4.29,4.31,4.61,4.20,4.49,
346,4.29,4.31,4.61,4.20,4.49,
347,4.29,4.31,4.61,4.20,4.49,
348,4.29,4.32,4.62,4.21,4.50,
349,4.30,4.32,4.62,4.21,4.50,
350,4.29,4.32,4.62,4.21,4.50,
351,4.29,4.32,4.62,4.21,4.50,
352,4.30,4.32,4.62,4.21,4.50,
353,4.30,4.33,4.63,4.22,4.51,
354,4.30,4.33,4.63,4.22,4.51,
355,4.31,4.33,4.63,4.22,4.51,
356,4.30,4.33,4.63,4.22,4.51,
357,4.30,4.33,4.63,4.23,4.52,
358,4.31,4.34,4.64,4.23,4.52,
359,4.31,4.34,4.64,4.23,4.52,
360,4.31,4.34,4.64,4.23,4.52,
361,4.31,4.34,4.64,4.24,4.53,
362,4.30,4.34,4.64,4.24,4.53,
363,4.32,4.35,4.65,4.24,4.53,
364,4.31,4.35,4.65,4.24,4.53,
365,4.31,4.35,4.65,4.25,4.54,
366,4.31,4.35,4.65,4.25,4.54,
367,4.30,4.35,4.65,4.25,4.54,
368,4.32,4.36,4.66,4.25,4.54,
369,4.31,4.36,4.66,4.26,4.55,
370,4.31,4.36,4.66,4.26,4.55,
371,4.31,4.36,4.66,4.26,4.55,
372,4.30,4.36,4.66,4.26,4.55,
373,4.32,4.37,4.67,4.27,4.56,
374,4.31,4.37,4.67,4.27,4.56,
375,4.31,4.37,4.67,4.27,4.56,
376,4.32,4.38,4.68,4.28,4.57,
377,4.31,4.38,4.68,4.28,4.57,
378,4.33,4.39,4.69,4.29,4.58,
379,4.32,4.39,4.69,4.29,4.58,
380,4.33,4.40,4.70,4.30,4.59,
381,4.33,4.40,4.70,4.31,4.60,
382,4.33,4.41,4.71,4.31,4.60,
383,4.33,4.41,4.71,4.32,4.61,
384,4.34,4.42,4.72,4.32,4.61,
385,4.35,4.43,4.73,4.33,4.62,
386,4.35,4.43,4.73,4.34,4.63,
387,4.35,4.44,4.74,4.34,4.63,
388,4.35,4.44,4.74,4.35,4.64,
389,4.35,4.45,4.75,4.35,4.64,
390,4.36,4.45,4.75,4.36,4.65,
391,4.37,4.46,4.76,4.37,4.66,
392,4.37,4.47,4.77,4.37,4.66,
393,4.37,4.47,4.77,4.38,4.67,
394,4.37,4.48,4.78,4.38,4.67,
395,4.37,4.48,4.78,4.39,4.68,
396,4.38,4.49,4.79,4.40,4.69,
397,4.38,4.49,4.79,4.40,4.69,
398,4.39,4.50,4.80,4.41,4.70,
399,4.38,4.50,4.80,4.41,4.70,
400,4.39,4.51,4.81,4.42,4.71,
401,4.39,4.51,4.81,4.42,4.71,
402,4.39,4.51,4.81,4.42,4.71,
403,4.39,4.52,4.82,4.43,4.72,
404,4.40,4.52,4.82,4.43,4.72,
405,4.40,4.52,4.82,4.43,4.72,
406,4.40,4.52,4.82,4.43,4.72,
407,4.40,4.52,4.82,4.44,4.73,
408,4.40,4.53,4.83,4.44,4.73,
409,4.40,4.53,4.83,4.44,4.73,
410,4.41,4.53,4.83,4.44,4.73,
411,4.41,4.53,4.83,4.45,4.74,
412,4.41,4.53,4.83,4.45,4.74,
413,4.41,4.54,4.84,4.45,4.74,
414,4.41,4.54,4.84,4.45,4.74,
415,4.41,4.54,4.84,4.46,4.75,
416,4.41,4.54,4.84,4.46,4.75,
417,4.42,4.54,4.84,4.46,4.75,
418,4.42,4.55,4.85,4.46,4.75,
419,4.42,4.55,4.85,4.47,4.76,
420,4.42,4.55,4.85,4.47,4.76,
421,4.42,4.55,4.85,4.47,4.76,
422,4.42,4.55,4.85,4.47,4.76,
423,4.43,4.56,4.86,4.48,4.77,
424,4.43,4.56,4.86,4.48,4.77,
425,4.44,4.56,4.86,4.48,4.77,
426,4.43,4.56,4.86,4.48,4.77,
427,4.44,4.57,4.87,4.49,4.78,
428,4.44,4.57,4.87,4.49,4.78,
429,4.45,4.57,4.87,4.49,4.78,
430,4.45,4.58,4.88,4.50,4.79,
431,4.45,4.58,4.88,4.50,4.79,
432,4.47,4.59,4.89,4.51,4.80,
433,4.47,4.59,4.89,4.51,4.80,
434,4.46,4.59,4.89,4.51,4.80,
435,4.48,4.60,4.90,4.52,4.81,
436,4.48,4.60,4.90,4.52,4.81,
437,4.48,4.60,4.90,4.52,4.81,
438,4.48,4.61,4.91,4.53,4.82,
439,4.49,4.61,4.91,4.53,4.82,
440,4.49,4.61,4.91,4.53,4.82,
441,4.50,4.62,4.92,4.54,4.83,
442,4.50,4.62,4.92,4.54,4.83,
443,4.50,4.62,4.92,4.54,4.83,
444,4.51,4.63,4.93,4.55,4.84,
445,4.51,4.63,4.93,4.55,4.84,
446,4.52,4.64,4.94,4.56,4.85,
447,4.52,4.64,4.94,4.56,4.85,
448,4.52,4.64,4.94,4.56,4.85,
449,4.53,4.65,4.95,4.57,4.86,
450,4.53,4.65,4.95,4.57,4.86,
451,4.53,4.65,4.95,4.57,4.86,
452,4.54,4.66,4.96,4.58,4.87,
453,4.54,4.66,4.96,4.58,4.87,
454,4.55,4.67,4.97,4.59,4.88,
455,4.55,4.67,4.97,4.59,4.88,
456,4.55,4.67,4.97,4.60,4.89,
457,4.56,4.68,4.98,4.60,4.89,
458,4.56,4.68,4.98,4.61,4.90,
459,4.57,4.69,4.99,4.61,4.90,
460,4.57,4.69,4.99,4.61,4.90,
461,4.57,4.69,4.99,4.62,4.91,
462,4.58,4.70,5.00,4.62,4.91,
463,4.58,4.70,5.00,4.63,4.92,
464,4.59,4.71,5.01,4.63,4.92,
465,4.59,4.71,5.01,4.64,4.93,
466,4.59,4.71,5.01,4.64,4.93,
467,4.60,4.72,5.02,4.64,4.93,
468,4.60,4.72,5.02,4.65,4.94,
469,4.61,4.73,5.03,4.65,4.94,
470,4.61,4.73,5.03,4.66,4.95,
471,4.61,4.73,5.03,4.66,4.95,
472,4.62,4.74,5.04,4.67,4.96,
473,4.62,4.74,5.04,4.67,4.96,
474,4.63,4.75,5.05,4.68,4.97,
475,4.63,4.75,5.05,4.68,4.97,
476,4.64,4.76,5.06,4.69,4.98,
477,4.64,4.76,5.06,4.70,4.99,
478,4.65,4.77,5.07,4.70,4.99,
479,4.66,4.78,5.08,4.71,5.00,
480,4.67,4.79,5.09,4.72,5.01,
481,4.67,4.79,5.09,4.73,5.02,
482,4.68,4.80,5.10,4.73,5.02,
483,4.69,4.81,5.11,4.74,5.03,
484,4.69,4.81,5.11,4.75,5.04,
485,4.70,4.82,5.12,4.76,5.05,
486,4.71,4.83,5.13,4.76,5.05,
487,4.72,4.84,5.14,4.77,5.06,
488,4.72,4.84,5.14,4.78,5.07,
489,4.73,4.85,5.15,4.79,5.08,
490,4.74,4.86,5.16,4.79,5.08,
491,4.75,4.87,5.17,4.80,5.09,
492,4.75,4.87,5.17,4.81,5.10,
493,4.76,4.88,5.18,4.82,5.11,
494,4.77,4.89,5.19,4.82,5.11,
495,4.77,4.89,5.19,4.83,5.12,
496,4.78,4.90,5.20,4.84,5.13,
497,4.79,4.91,5.21,4.85,5.14,
498,4.80,4.92,5.22,4.85,5.14,
499,4.80,4.92,5.22,4.86,5.15,
500,4.81,4.93,5.23,4.87,5.16,
501,4.82,4.94,5.24,4.88,5.17,
502,4.82,4.94,5.24,4.88,5.17,
503,4.83,4.95,5.25,4.89,5.18,
504,4.83,4.95,5.25,4.90,5.19,
505,4.84,4.96,5.26,4.90,5.19,
506,4.85,4.97,5.27,4.91,5.20,
507,4.85,4.97,5.27,4.91,5.20,
508,4.86,4.98,5.28,4.92,5.21,
509,4.86,4.98,5.28,4.93,5.22,
510,4.87,4.99,5.29,4.93,5.22,
511,4.88,5.00,5.30,4.94,5.23,
512,4.88,5.00,5.30,4.95,5.24,
513,4.89,5.01,5.31,4.95,5.24,
514,4.89,5.01,5.31,4.96,5.25,
515,4.90,5.02,5.32,4.97,5.26,
516,4.91,5.03,5.33,4.97,5.26,
517,4.91,5.03,5.33,4.98,5.27,
518,4.92,5.04,5.34,4.99,5.28,
519,4.92,5.04,5.34,4.99,5.28,
520,4.93,5.05,5.35,5.00,5.29,
521,4.94,5.06,5.36,5.00,5.29,
522,4.94,5.06,5.36,5.01,5.30,
523,4.95,5.07,5.37,5.02,5.31,
524,4.95,5.07,5.37,5.02,5.31,
525,4.96,5.08,5.38,5.03,5.32,
526,4.96,5.09,5.39,5.04,5.33,
527,4.97,5.09,5.39,5.04,5.33,
528,4.97,5.10,5.40,5.05,5.34,
529,4.98,5.10,5.40,5.05,5.34,
530,4.99,5.11,5.41,5.06,5.35,
531,4.98,5.11,5.41,5.07,5.36,
532,5.00,5.12,5.42,5.07,5.36,
533,4.99,5.12,5.42,5.08,5.37,
534,5.01,5.13,5.43,5.08,5.37,
535,5.01,5.14,5.44,5.09,5.38,
536,5.01,5.14,5.44,5.10,5.39,
537,5.02,5.15,5.45,5.10,5.39,
538,5.02,5.15,5.45,5.11,5.40,
539,5.03,5.16,5.46,5.11,5.40,
540,5.03,5.16,5.46,5.12,5.41,
541,5.04,5.17,5.47,5.13,5.42,
542,5.05,5.18,5.48,5.13,5.42,
543,5.05,5.18,5.48,5.14,5.43,
544,5.06,5.19,5.49,5.14,5.43,
545,5.06,5.19,5.49,5.15,5.44,
546,5.08,5.20,5.50,5.16,5.45,
547,5.07,5.20,5.50,5.16,5.45,
548,5.09,5.21,5.51,5.17,5.46,
549,5.08,5.21,5.51,5.17,5.46,
550,5.10,5.22,5.52,5.18,5.47,
551,5.10,5.22,5.52,5.18,5.47,
552,5.09,5.22,5.52,5.18,5.47,
553,5.11,5.23,5.53,5.19,5.48,
554,5.10,5.23,5.53,5.19,5.48,
555,5.11,5.23,5.53,5.19,5.48,
556,5.11,5.23,5.53,5.19,5.48,
557,5.12,5.24,5.54,5.20,5.49,
558,5.12,5.24,5.54,5.20,5.49,
559,5.12,5.24,5.54,5.20,5.49,
560,5.12,5.24,5.54,5.20,5.49,
561,5.13,5.25,5.55,5.21,5.50,
562,5.13,5.25,5.55,5.21,5.50,
563,5.13,5.25,5.55,5.21,5.50,
564,5.13,5.25,5.55,5.21,5.50,
565,5.14,5.26,5.56,5.22,5.51,
566,5.14,5.26,5.56,5.22,5.51,
567,5.14,5.26,5.56,5.22,5.51,
568,5.14,5.26,5.56,5.22,5.51,
569,5.15,5.27,5.57,5.23,5.52,
570,5.15,5.27,5.57,5.23,5.52,
571,5.15,5.27,5.57,5.23,5.52,
572,5.15,5.27,5.57,5.23,5.52,
573,5.16,5.28,5.58,5.24,5.53,
574,5.16,5.28,5.58,5.24,5.53,
575,5.16,5.28,5.58,5.24,5.53,
576,5.16,5.28,5.58,5.24,5.53,
577,5.16,5.28,5.58,5.25,5.54,
578,5.17,5.29,5.59,5.25,5.54,
579,5.17,5.29,5.59,5.25,5.54,
580,5.17,5.29,5.59,5.25,5.54,
581,5.17,5.29,5.59,5.26,5.55,
582,5.18,5.30,5.60,5.26,5.55,
583,5.18,5.30,5.60,5.26,5.55,
584,5.18,5.30,5.60,5.27,5.56,
585,5.18,5.30,5.60,5.27,5.56,
586,5.19,5.31,5.61,5.27,5.56,
587,5.19,5.31,5.61,5.27,5.56,
588,5.19,5.31,5.61,5.28,5.57,
589,5.19,5.31,5.61,5.28,5.57,
590,5.20,5.32,5.62,5.28,5.57,
591,5.20,5.32,5.62,5.28,5.57,
592,5.20,5.32,5.62,5.29,5.58,
593,5.20,5.32,5.62,5.29,5.58,
594,5.21,5.33,5.63,5.29,5.58,
595,5.21,5.33,5.63,5.30,5.59,
596,5.21,5.33,5.63,5.30,5.59,
597,5.21,5.33,5.63,5.30,5.59,
598,5.22,5.34,5.64,5.30,5.59,
599,5.22,5.34,5.64,5.31,5.60,
600,5.22,5.34,5.64,5.31,5.60,
601,5.22,5.34,5.64,5.31,5.60,
602,5.22,5.34,5.64,5.32,5.61,
603,5.23,5.35,5.65,5.32,5.61,
604,5.23,5.35,5.65,5.32,5.61,
605,5.23,5.35,5.65,5.32,5.61,
606,5.23,5.35,5.65,5.33,5.62,
607,5.24,5.36,5.66,5.33,5.62,
608,5.24,5.36,5.66,5.33,5.62,
609,5.24,5.36,5.66,5.33,5.62,
610,5.24,5.36,5.66,5.34,5.63,
611,5.25,5.37,5.67,5.34,5.63,
612,5.25,5.37,5.67,5.34,5.63,
613,5.25,5.37,5.67,5.34,5.63,
614,5.25,5.37,5.67,5.35,5.64,
615,5.26,5.38,5.68,5.35,5.64,
616,5.26,5.38,5.68,5.35,5.64,
617,5.26,5.38,5.68,5.35,5.64,
618,5.26,5.38,5.68,5.36,5.65,
619,5.27,5.39,5.69,5.36,5.65,
620,5.27,5.39,5.69,5.36,5.65,
621,5.27,5.39,5.69,5.36,5.65,
622,5.27,5.39,5.69,5.37,5.66,
623,5.28,5.40,5.70,5.37,5.66,
624,5.28,5.40,5.70,5.37,5.66,
625,5.28,5.40,5.70,5.38,5.67,
626,5.28,5.40,5.70,5.38,5.67,
627,5.28,5.40,5.70,5.38,5.67,
628,5.29,5.41,5.71,5.38,5.67,
629,5.29,5.41,5.71,5.39,5.68,
630,5.29,5.41,5.71,5.39,5.68,
631,5.29,5.41,5.71,5.39,5.68,
632,5.30,5.42,5.72,5.39,5.68,
633,5.30,5.42,5.72,5.40,5.69,
634,5.30,5.42,5.72,5.40,5.69,
635,5.30,5.42,5.72,5.40,5.69,
636,5.31,5.43,5.73,5.40,5.69,
637,5.31,5.43,5.73,5.41,5.70,
638,5.31,5.43,5.73,5.41,5.70,
639,5.31,5.43,5.73,5.41,5.70,
640,5.32,5.44,5.74,5.41,5.70,
641,5.32,5.44,5.74,5.42,5.71,
642,5.32,5.44,5.74,5.42,5.71,
643,5.32,5.44,5.74,5.42,5.71,
644,5.33,5.45,5.75,5.42,5.71,
645,5.33,5.45,5.75,5.43,5.72,
646,5.33,5.45,5.75,5.43,5.72,
647,5.33,5.45,5.75,5.43,5.72,
648,5.34,5.46,5.76,5.43,5.72,
649,5.34,5.46,5.76,5.44,5.73,
650,5.34,5.46,5.76,5.44,5.73,